{
    "title": "Open Source Brain Teaser",
    "description": "Open Source Brain (http://opensourcebrain.org) is a collaborative resource for visualizing, analyzing, simulating and developing standardized models of neuro...",
    "url": "https://www.youtube.com/watch?v=rvjSW_sOsqY",
    "type": "video",
    "tags": [
        "osb",
        "computational neuroscience",
        "open source brain",
        "neuroml",
        "lems",
        "metacell"
    ],
    "feeds": [],
    "images": [
        {
            "url": "https://i.ytimg.com/vi/rvjSW_sOsqY/hqdefault.jpg",
            "width": 480,
            "height": 360,
            "size": 172800,
            "mime": "image/jpeg"
        },
        {
            "url": "https://i.ytimg.com/vi/rvjSW_sOsqY/maxresdefault.jpg",
            "width": 1280,
            "height": 720,
            "size": 921600,
            "mime": "image/jpeg"
        }
    ],
    "image": "https://i.ytimg.com/vi/rvjSW_sOsqY/hqdefault.jpg",
    "imageWidth": 480,
    "imageHeight": 360,
    "code": "<iframe width=\"1920\" height=\"1080\" src=\"https://www.youtube.com/embed/rvjSW_sOsqY?feature=oembed\" frameborder=\"0\" allow=\"accelerometer; autoplay; encrypted-media; gyroscope; picture-in-picture\" allowfullscreen></iframe>",
    "width": 1920,
    "height": 1080,
    "aspectRatio": 56.25,
    "authorName": "MetaCell",
    "authorUrl": "https://www.youtube.com/channel/UCWosHzMOSt2fiSqOKwJ-BiQ",
    "providerIcons": [
        {
            "url": "https://www.youtube.com/favicon.ico",
            "width": 16,
            "height": 16,
            "size": 256,
            "mime": "image/x-icon"
        },
        {
            "url": "https://s.ytimg.com/yts/img/favicon-vfl8qSV2F.ico",
            "width": 16,
            "height": 16,
            "size": 256,
            "mime": "image/x-icon"
        },
        {
            "url": "https://www.youtube.com/yts/img/favicon_32-vflOogEID.png",
            "width": 32,
            "height": 32,
            "size": 1024,
            "mime": "image/png"
        },
        {
            "url": "https://www.youtube.com/yts/img/favicon_48-vflVjB_Qk.png",
            "width": 48,
            "height": 48,
            "size": 2304,
            "mime": "image/png"
        },
        {
            "url": "https://www.youtube.com/yts/img/favicon_96-vflW9Ec0w.png",
            "width": 96,
            "height": 96,
            "size": 9216,
            "mime": "image/png"
        },
        {
            "url": "https://www.youtube.com/yts/img/favicon_144-vfliLAfaB.png",
            "width": 144,
            "height": 144,
            "size": 20736,
            "mime": "image/png"
        }
    ],
    "providerIcon": "https://www.youtube.com/yts/img/favicon_144-vfliLAfaB.png",
    "providerName": "YouTube",
    "providerUrl": "https://www.youtube.com/",
    "publishedTime": "2018-03-09",
    "license": null
}